Model_number	Min_Scale_V	Max_Scale_V	Mean_Scale_V	RMS_Scale_V	Min	Max	Mean	RMS	Min_Scale_tt	Max_Scale_tt	Mean_Scale_tt	RMS_Scale_tt	Min_Scale_tr	Max_Scale_tr	Mean_Scale_tr	RMS_Scale_tr
187	-0.431464514915	0.261524559092	-0.00272348273277	0.0488735573537	-113.259435165	68.6501967617	-0.714914217352	12.8293088053	-0.316903673526	0.245186542218	-0.000454157834322	0.0450434219311	-0.130810452244	0.233470690515	1.1504440117e-15	0.0315245593264
99	-0.172939184608	0.294897133575	-0.00168326094124	0.0427809698775	-45.3965359596	77.4104975634	-0.441855997076	11.2300045928	-0.20440243835	0.197925482043	-0.000281119575061	0.0404497398089	-0.154276579379	0.219627301531	1.58532103651e-15	0.0358147376592
274	-0.205139349766	0.307730785311	-0.00128159157112	0.0458560405777	-53.8490793136	80.7793311441	-0.336417787419	12.0372106516	-0.231470665213	0.25371800027	0.000644260809268	0.044594722552	-0.142623837482	0.209781119599	-1.84124680435e-16	0.0331430636534
98	-0.183448314163	0.950991984871	-0.000823426209676	0.048054386573	-48.1551824678	249.635396029	-0.21614938004	12.6142764754	-0.372659462475	0.214960848422	-4.90238231671e-05	0.0423487630685	-0.144259864675	0.241868600653	-3.64699376727e-15	0.0367396521735
140	-0.26983845026	0.28949348709	-0.0022387216308	0.0439047558208	-70.8325931934	75.9920403612	-0.587664428085	11.5249984029	-0.34023890665	0.226056809625	-0.000114183697693	0.0427918911694	-0.168897405119	0.23120493375	5.27141699835e-16	0.0364173470981
171	-0.292541162833	0.526666856211	-0.00175902074969	0.0508826714801	-76.7920552438	138.250049755	-0.461742946795	13.3567012635	-0.405621689379	0.296090612618	-0.00118355294355	0.0483791572241	-0.116384705852	0.185283585667	7.77092639649e-16	0.030418958216
208	-0.263493499758	0.303807301663	-0.00350656806837	0.0471642788494	-69.1670436866	79.7494166866	-0.920474117947	12.380623198	-0.284873028627	0.27436362219	-0.00109971934799	0.0444820839536	-0.128583435233	0.226165425197	5.28927007015e-17	0.0324971613702
305	-0.335357485438	0.404501704506	-0.00177610787567	0.0475970511514	-88.0313399274	106.181697433	-0.466228317363	12.4942259273	-0.245928331588	0.240721754793	0.000180475158904	0.0438161984747	-0.124623780743	0.230697326849	5.91579386964e-16	0.0326927190261
96	-0.438072303798	0.329279759075	-0.00251064323905	0.0531885419925	-114.993979747	86.4359367571	-0.65904385025	13.961992273	-0.421299030811	0.263805372203	-0.000687566480782	0.0481183778842	-0.124621998514	0.196500163729	-4.58240744759e-16	0.0310985551705
225	-0.203170280099	0.277533587596	-0.00129060563158	0.0444660236841	-53.3321985261	72.852566744	-0.338783978289	11.6723312171	-0.249465398562	0.245227133729	0.00105937125172	0.0431069676957	-0.184812224106	0.288559839544	-9.08897107884e-15	0.0443753548447
238	-1.00003794436	0.44171767929	-0.00212306228465	0.0503519316621	-262.509960395	115.950890814	-0.557303849722	13.2173820613	-0.51482826995	0.321447121338	0.000152684728496	0.0467312930529	-0.130653972374	0.233644192222	7.10409432824e-16	0.0328598713016
119	-0.20589739114	0.294290904965	-0.00205396928568	0.0437060920732	-54.0480651742	77.2513625533	-0.53916693749	11.4728491692	-0.318641649176	0.283986046282	0.000732436983214	0.0430505741563	-0.153765048991	0.226797262007	-4.56594294804e-16	0.0342024825234
47	-0.213930516954	0.999844479121	-0.00216795770681	0.0471661577156	-56.1567607003	262.459175769	-0.569088898039	12.3811164003	-0.201641247196	0.209854128644	1.80774216558e-05	0.0413774074005	-0.143573068516	0.24845365444	7.09092272861e-16	0.0362420451633
239	-0.208753568874	0.280503066907	-0.00133942626376	0.0452462711365	-54.7978118294	73.632055063	-0.351599394236	11.8771461733	-0.261008845447	0.243904337195	0.00110511401048	0.0439205272528	-0.183835888863	0.288575641057	-3.01718500257e-15	0.0452996982498
155	-0.263397052675	0.59968319261	-0.00144605771603	0.0493995072637	-69.1417263271	157.41683806	-0.379590150458	12.9673706567	-0.225521929227	0.34130136367	-0.000164761215157	0.0454267088167	-0.128130266852	0.190068162781	-1.08405835607e-16	0.0323725317811
13	-0.342434912974	0.262868310599	-0.00155963755692	0.0438467428166	-89.8891646557	69.0029315322	-0.40940485869	11.5097699894	-0.229978545345	0.209246502878	-0.000643393742997	0.0403548498096	-0.16242606703	0.23576105373	-6.09829193686e-16	0.0370689970423
20	-0.203951232267	0.244001284974	-0.00186480226359	0.0429983107547	-53.5371984701	64.0503373056	-0.489510594191	11.2870565731	-0.20316938065	0.324228323426	0.000191579141832	0.0411604396152	-0.162228657907	0.243607515703	-9.54702932554e-17	0.0355974569167
29	-0.260062149701	0.277222410092	-0.00153530740395	0.0449742509517	-68.2663142964	72.770882649	-0.403018193538	11.8057408748	-0.352866281361	0.325357624153	0.000580722881029	0.0426553269879	-0.177343079064	0.25698460305	1.69808897266e-15	0.0370210363109
67	-0.355478842299	0.337182670501	-0.00237761983709	0.0441661815393	-93.3131961034	88.5104510065	-0.624125207235	11.5936226541	-0.194821488527	0.214022280697	-0.00116168672187	0.0411054561035	-0.130293168871	0.235196488754	1.79367035169e-15	0.0349521784964
183	-0.25474367978	101.62870486	0.0361561756923	1.82892280841	-66.8702159424	26677.5350258	9.49099611924	480.092237208	-0.255481776473	0.266792656528	0.000389096336157	0.0431032169864	-0.131873593517	0.217488652546	-1.40760759252e-15	0.0334109465515
57	-0.273379130025	0.876597016624	-0.0017359632697	0.0482969584031	-71.7620216315	230.106716864	-0.455690358297	12.6779515808	-0.211554861776	0.241144341537	-1.49270506176e-05	0.0428722075494	-0.147061703809	0.232863902112	-6.45884464011e-17	0.0348297357529
154	-0.177817832277	0.246359442002	-0.00161168102247	0.0416818709374	-46.6771809727	64.6693535254	-0.423066268398	10.9414911211	-0.218768680513	0.207436912156	0.000375936975193	0.0401945758548	-0.154040204925	0.23399435877	2.95264019701e-16	0.0374734932176
46	-0.325422146243	0.376645943066	-0.0020110208369	0.0506088194218	-85.4233133888	98.8695600548	-0.527892969686	13.2848150982	-0.203740488987	0.23632924742	0.00012457515153	0.0456998747751	-0.143583181063	0.217858985933	1.41363002874e-15	0.0300418123145
83	-0.305962373285	0.277579203439	-0.00264060317691	0.0466540326649	-80.3151229873	72.8645409026	-0.69315833394	12.2466835745	-0.271810392999	0.351268764145	-2.06311705588e-05	0.045666916393	-0.151792511699	0.195988902372	-5.67695944253e-16	0.0320835570564
217	-0.207825826924	0.278957063281	-0.00216977827196	0.0440471208145	-54.5542795676	73.2262291112	-0.569566796389	11.5623692138	-0.240894595294	0.197751828945	-0.000457649837281	0.0419745052412	-0.139145485027	0.220597151082	-1.07102561366e-15	0.0332539560977
11	-0.203275968587	0.789865907968	-0.00143060847785	0.0456537246079	-53.3599417541	207.339800842	-0.375534725437	11.9841027096	-0.208689812716	0.221634673734	0.000101633505353	0.0408080391378	-0.146695929406	0.241011255081	1.79181363222e-16	0.0357995915033
292	-0.482565335016	0.286253386233	-0.0019957997191	0.0429367842645	-126.673400442	75.1415138861	-0.523897426263	11.2709058694	-0.216079616869	0.195159598988	-0.000384323819793	0.0405196932909	-0.158717589089	0.236678538624	-3.01908139553e-15	0.0365922726807
54	-0.23017469008	0.281024994703	-0.00181027150959	0.0431165061132	-60.420856146	73.7690611095	-0.475196271266	11.3180828547	-0.210877487176	0.203338392274	-0.000713149386781	0.0402536605832	-0.147696706848	0.242088661508	3.62742680058e-16	0.0367501249352
210	-0.358035073954	0.647105038592	-0.00173640992572	0.0470551974908	-93.9842069128	169.865072631	-0.455807605502	12.3519893413	-0.252312091069	0.263190932208	-0.000193335456358	0.0433703245249	-0.148001200977	0.226447657912	2.92169487257e-16	0.034428929272
28	-0.235387897474	0.382118763923	-0.00192107881481	0.0457141089452	-61.7893230869	100.30617553	-0.504283188886	11.9999535981	-0.233680834271	0.20793525618	-0.000270899459212	0.0419548682768	-0.134421931957	0.228852378585	1.23928089695e-16	0.0349773795396
255	-0.421588863742	0.269412517465	-0.0012688979103	0.0429774048721	-110.667076732	70.7207858345	-0.333085701454	11.2815687789	-0.208865104791	0.20092767817	0.000613041774871	0.0398747100962	-0.173878903273	0.271377895969	-1.48635947588e-15	0.0396615588575
10	-0.227222988865	0.278558070994	-0.00193853128524	0.0448584373926	-59.6460345771	73.121493636	-0.508864462376	11.7753398155	-0.190312901091	0.202000909129	-0.00080784807453	0.0427436371194	-0.135367354833	0.206890898654	1.72822495784e-15	0.0332132188722
84	-0.299671658184	0.355078782063	-0.00111171148648	0.0471440848314	-78.6638102733	93.2081802915	-0.291824265202	12.3753222682	-0.277357359201	0.250588882494	0.000178357886394	0.0425193381722	-0.126461635383	0.223795335062	6.30862095934e-16	0.0343388470181
106	-0.29172287413	0.274076190866	-0.00202960545893	0.0481011735765	-76.5772544591	71.9450001022	-0.532771432969	12.6265580638	-0.244355049183	0.358269892979	-3.63165011738e-05	0.0455184313446	-0.120927424063	0.213677286633	1.49725976805e-15	0.0314603399023
265	-0.28507591296	0.425741988121	-0.00129870787045	0.0434228100051	-74.8324271519	111.757271882	-0.340910815993	11.3984876263	-0.223760318606	0.1975173535	-0.000248654473496	0.0403999773332	-0.157333859897	0.243045166743	1.67099197702e-15	0.035695159303
133	-0.427838498943	0.267714560814	-0.00216111347127	0.0441352333894	-112.307605973	70.2750722136	-0.567292286209	11.5854987647	-0.216165869728	0.247563738966	0.000382366492508	0.042068923049	-0.175386659159	0.256140630583	9.41705896288e-16	0.0370104876751
36	-0.265728758166	0.46651292858	-0.00165959032366	0.0497426512854	-69.7537990185	122.459643752	-0.43564245996	13.0574459624	-0.305744414204	0.372167180053	-2.87240447024e-05	0.0480506495582	-0.137766418023	0.227083913922	4.25525982534e-16	0.0312089100061
211	-0.185347117874	0.228478967667	-0.00153861397216	0.0426063083147	-48.653618442	59.9757290125	-0.403886167692	11.1841559326	-0.198806495957	0.201320206982	-7.39974191518e-05	0.0407043153105	-0.170075428933	0.255860670484	9.90464619031e-16	0.0362446517717
100	-0.288386757566	0.276685495585	-0.0021593348027	0.045806277909	-75.7015238612	72.629942591	-0.566825385708	12.0241479511	-0.256168238665	0.204149614892	-0.000827397830122	0.0426290777425	-0.141230865071	0.221286331333	-1.25922079447e-15	0.0333495076052
257	-0.6720508783	0.668670797887	-0.00278251672028	0.0515041586884	-176.413355554	175.526084445	-0.730410639073	13.5198416557	-0.5278526392	0.312664072851	-0.00113312150864	0.0464618422709	-0.139959214765	0.245769993405	-1.10712849218e-15	0.0328681566046
79	-0.829675954171	0.52770777655	-0.00388319989457	0.0520754581767	-217.78993797	138.523291344	-1.01933997232	13.6698077714	-0.401089486792	0.302252548145	-0.00114719019499	0.0454869396475	-0.127349211441	0.24132711579	-2.61242015886e-16	0.0330756655157
120	-0.325947433679	28.6675367332	0.00689323455108	0.512917823181	-85.5612013408	7525.22839247	1.80947406966	134.640928585	-0.239616280315	0.192946133027	-0.000280642073854	0.0422569692831	-0.137696453681	0.232911288702	6.60643003361e-17	0.034075369533
151	-0.191944985098	0.241459155951	-0.0011447618243	0.0437705477584	-50.3855585882	63.3830284372	-0.300499978878	11.4897687866	-0.212022129042	0.304158694136	0.000679674678606	0.0415491371115	-0.150761426172	0.235976266819	-5.16786918195e-16	0.036021522921
227	-0.467719324456	0.493265170637	-0.00223911327232	0.0473467445185	-122.77632267	129.482107292	-0.587767233985	12.4285204361	-0.220926730534	0.225454656295	6.60237444341e-05	0.0428794193473	-0.126124720967	0.21989479869	6.39354207084e-16	0.0341344560544
146	-0.339720052066	0.682679925642	-0.0014087740546	0.0473759414089	-89.1765136673	179.203480481	-0.369803189332	12.4361846198	-0.204783693041	0.23720089642	7.77308502084e-05	0.041535340876	-0.14185163805	0.260606533841	-3.11988380623e-15	0.0357404854257
166	-0.252331491585	0.332415287288	-0.00179797971204	0.0475478944386	-66.2370165411	87.2590129132	-0.471969674411	12.4813222901	-0.212423968648	0.285187743125	-0.000278413739722	0.0443961551332	-0.14411048577	0.21241562708	1.2451208351e-15	0.0322880135605
262	-0.318963914804	0.485685480098	-0.00162505343824	0.0484531722071	-83.728027636	127.492438526	-0.426576527537	12.7189577044	-0.244730119179	0.581120657475	0.000149176721156	0.0462228731609	-0.163242077767	0.20860486697	-1.58541625289e-15	0.0341083884779
40	-0.246631834953	530.191085684	0.1696050605	9.45072267293	-64.7408566752	139175.159992	44.5213283812	2480.81470164	-0.269654815891	0.235474131413	-0.000306939313475	0.041467457053	-0.144189549667	0.234675213105	1.63313553012e-15	0.0357053554275
91	-0.331002426571	13.7774949626	0.0044225818902	0.255375699416	-86.8881369748	3616.59242768	1.16092774618	67.0361210968	-0.279690311091	0.229160226563	-0.000282532265791	0.0434803464892	-0.121278099612	0.227238884722	-2.45029443022e-16	0.0334531432567
258	-0.516786150456	0.301507322666	-0.00278875152843	0.0460573707078	-135.656364495	79.1456721999	-0.732047276213	12.0900598108	-0.337712081023	0.230723501461	-0.000585013853603	0.0431769935066	-0.183728704825	0.2393355686	5.26498989251e-16	0.035710871516
123	-0.401080148043	0.596181257809	-0.00193314128021	0.0494829795433	-105.283538861	156.497580175	-0.507449586056	12.9892821301	-0.314033567624	0.240118063164	-0.000835989024088	0.0448819953943	-0.12247260797	0.228038498023	1.40007756357e-16	0.0317594329896
245	-0.229378400712	0.26307941311	-0.00199091999117	0.0426344402994	-60.2118301868	69.0583459414	-0.522616497682	11.1915405786	-0.24649471742	0.209836634428	-0.000450553211519	0.0405668224658	-0.167155605836	0.231321338561	-7.35610035498e-16	0.0357165201327
129	-0.173269386423	0.256723116446	-0.00185847804285	0.0422712158982	-45.483213936	67.3898180672	-0.487850486247	11.0961941733	-0.193050486768	0.212508416528	0.000223636888235	0.0400409899594	-0.169896995181	0.262879652695	-4.61624893701e-16	0.0390656481912
177	-0.287077069384	0.261336673902	-0.00188372457653	0.0438165843892	-75.3577307133	68.6008768994	-0.49447770134	11.5018534022	-0.230974692427	0.174333375271	-0.000420100909249	0.0411594134075	-0.141385265706	0.249204808668	1.74674454432e-16	0.0357073404786
34	-0.331053265804	0.307174367899	-0.0022920872019	0.047413683009	-86.9014822735	80.6332715735	-0.601672890498	12.4460917899	-0.413326699612	0.225093110475	-0.00050872690053	0.0443178393891	-0.140572137853	0.236596097799	1.29641469404e-15	0.0324431391993
233	-0.500146960992	0.288541167095	-0.00191011997441	0.0465708006259	-131.28857726	75.7420563624	-0.501406493283	12.2248351643	-0.224440441058	0.200583282221	-1.25616888075e-05	0.0433634733083	-0.163800327806	0.229605092573	2.72342659192e-16	0.0332806164858
184	-0.173640991701	0.256437443691	-0.00132939480913	0.0422823227249	-45.5807603215	67.3148289688	-0.348966137398	11.0991097153	-0.209865063239	0.202662526057	-5.16777795085e-05	0.0403445329329	-0.148582460057	0.244319878706	-1.18810209114e-15	0.0363131200516
69	-0.189058325593	0.226188019278	-0.00177880709546	0.0445431434055	-49.6278104681	59.3743550605	-0.466936862559	11.6925751439	-0.212513854667	0.369630812496	-0.00029425051438	0.0435456266059	-0.133740957089	0.212970635413	2.62122767428e-16	0.0331831791133
2	-0.25870829848	0.261664457062	-0.00123160600062	0.0452121190642	-67.910928351	68.6869199788	-0.323296575164	11.8681812544	-0.214000438423	0.408020673242	0.000619598483823	0.0443070309894	-0.153312150132	0.209392637771	4.20626306164e-16	0.0330121399449
128	-0.205599840074	1.96423320139	-0.000456151655815	0.0598273271642	-53.9699580195	515.611215365	-0.119739809651	15.7046733806	-0.207219236521	0.248628326455	0.000567818717217	0.0427643511992	-0.159691899446	0.223695126189	-1.27137675269e-15	0.0346382957684
180	-0.456195659717	0.636144955058	-0.00299110203157	0.0464545090981	-119.751360676	166.988050703	-0.785164283288	12.1943086382	-0.237513157686	0.28944034444	-0.000577850765326	0.0413883780593	-0.155664457824	0.238592766778	-1.75931310686e-15	0.0349334437053
144	-0.510922803068	0.262014709465	-0.00197236450449	0.0437238546571	-134.117235805	68.7788612346	-0.517745682428	11.4775118475	-0.209376119906	0.206877510414	0.000334672515888	0.0400257128219	-0.170726173133	0.233093999898	-2.53569162364e-16	0.0384262002378
282	-0.287581611327	0.458406793512	-0.00269118847157	0.0480199994638	-75.4901729734	120.331783297	-0.706436973786	12.6052498592	-0.304557260881	0.265008599065	-0.000819898323808	0.0460955982298	-0.140119523134	0.227083925065	-1.32606269526e-15	0.0355966157599
200	-0.267438724382	0.491731436511	-0.00199242439707	0.0449328327598	-70.2026651503	129.079502084	-0.523011404232	11.7948685995	-0.292950290959	0.263962214611	-0.00064469527599	0.0424260287301	-0.149188254022	0.239632712146	-3.92767579466e-17	0.0340180292176
108	-0.210545991473	0.339348093601	-0.00130969221688	0.046225666312	-55.2683227616	89.0788745702	-0.343794206931	12.1342374069	-0.232585910163	0.353456733228	0.00106401346646	0.0468203093219	-0.120474312742	0.208872937222	-1.36730725846e-16	0.0323325291321
249	-0.16958085701	0.391614328365	-0.00194522562219	0.0432467599472	-44.5149749652	102.798761196	-0.510621725826	11.3522744861	-0.187712631669	0.244960226374	-1.76601755709e-05	0.0408065687824	-0.139263593555	0.255319029047	1.70684887988e-15	0.0362098120086
203	-0.292428780241	0.282795105837	-0.00204423773039	0.0445343504248	-76.7625548131	74.2337152822	-0.536612404228	11.6902669865	-0.226067804231	0.22457088709	-0.000765957164763	0.0418755271849	-0.132449778832	0.247101829517	-3.71581934271e-17	0.0338150512489
260	-0.597702217073	0.804475543204	-0.00186059163523	0.0496217719698	-156.896831982	211.174830091	-0.488405304248	13.0257151421	-0.235147343074	0.252595647403	0.000981425306403	0.0430580891822	-0.147484559591	0.232511686761	3.5738675852e-16	0.0346896676774
294	-0.35411737215	0.242040899153	-0.00341091317158	0.0474042570626	-92.9558101895	63.5357360276	-0.895364707539	12.4436174789	-0.270577303662	0.271818819673	-0.000482391302431	0.0440524728033	-0.131068287779	0.239508371836	-2.43704546728e-15	0.0322847910211
94	-0.218058850878	0.26007733252	-0.00271735482311	0.0471520998822	-57.2404483554	68.2702997865	-0.713305641067	12.3774262191	-0.23263677582	0.340721582175	-0.000541019889514	0.0438807484106	-0.123826837635	0.235706241017	-1.72315071811e-15	0.0320979055814
254	-0.247960651544	0.28947459691	-0.00140553935502	0.0442214653803	-65.0896710304	75.9870816889	-0.368954080692	11.6081346623	-0.251791951968	0.218794335055	0.000437034802097	0.0427576118558	-0.190550059501	0.279569114602	-3.27520553084e-16	0.0430896409244
22	-0.208146423668	0.323996603446	-0.00147050705528	0.0467086717964	-54.6384362127	85.0491084045	-0.386008102012	12.2610263466	-0.217022410879	0.232029249696	0.000359453569848	0.0446123810074	-0.117286450604	0.214123519796	7.3844272289e-17	0.0321425918204
301	-0.207546049428	0.273081953234	-0.00134721948288	0.0445750758705	-54.4808379749	71.684012724	-0.353645114257	11.700957416	-0.263768120285	0.236289899214	0.00118949984562	0.0431628289631	-0.177677598756	0.290069436355	-9.49846897026e-16	0.0445130658906
56	-0.194860708128	0.247862338831	-0.00168866948478	0.0432226097452	-51.1509358837	65.0638639431	-0.443275739754	11.3459350581	-0.211590513438	0.227144597383	-0.000247514570902	0.041582475941	-0.14671677701	0.226888327464	-1.35810300811e-16	0.035054576498
1	-0.21579916592	0.251529054446	-0.00170452985494	0.0443428122721	-56.647281054	66.0263767921	-0.447439086922	11.6399882214	-0.220437939065	0.236600696685	-0.000731194773717	0.0407054750196	-0.173318365347	0.23765333368	-8.80723770389e-16	0.0359703821169
21	-0.381503895526	0.411733477943	-0.00269697197063	0.0489945754307	-100.144772576	108.08003796	-0.70795514229	12.8610760506	-0.185736965254	0.332628303069	-0.00061920399562	0.0452645515211	-0.125598504568	0.225517501678	-3.4669871954e-16	0.0314122122263
76	-0.534815453261	0.279382604901	-0.00239942100039	0.0440899333743	-140.389056481	73.3379337866	-0.629848012602	11.5736075108	-0.294276181116	0.214671490491	1.60549402794e-05	0.0406944861883	-0.158528581264	0.241267860539	-8.68389281454e-16	0.0360496045057
199	-0.205520702269	0.235968003407	-0.00108158618512	0.042383281661	-53.9491843456	61.9416008944	-0.283916373593	11.125611436	-0.222725834255	0.208323101303	0.00065459507061	0.0410346132525	-0.174177812057	0.223170193626	-4.08002200731e-16	0.0374300955852
64	-0.288974382667	0.261882045238	-0.00123776662768	0.0466408647398	-75.8557754501	68.744036875	-0.324913739765	12.2432269942	-0.305166330589	0.246710989127	0.000199849925079	0.0451636475467	-0.148646815907	0.225513240517	3.22386803105e-17	0.0325159103432
229	-0.270012458719	0.366960892691	-0.00240652016551	0.0493165761012	-70.8782704137	96.3272343313	-0.631711543447	12.9456012266	-0.366676043305	0.236038190152	-0.000984940037327	0.0464297771925	-0.131543093317	0.198157969238	-2.89733534794e-15	0.0313514884814
103	-1.66428907222	0.262588007408	-0.00252502776425	0.0516777292596	-436.875881458	68.9293519446	-0.662819788115	13.5654039307	-0.267136632675	0.213691923124	2.96272430119e-05	0.0410544461848	-0.179472582818	0.219934921766	4.84318131626e-16	0.0367993477213
118	-0.227447689604	0.263718990493	-0.00126856120446	0.0425634669493	-59.7050185211	69.2262350045	-0.332997316172	11.1729100742	-0.219815445402	0.210374028739	-6.10479407505e-05	0.0408905594364	-0.175395386209	0.241801910187	-1.31803278031e-15	0.039157838572
304	-0.398391707672	0.765599703046	-0.00236893001184	0.0508290135959	-104.577823264	200.96992205	-0.621844128107	13.3426160689	-0.341409490348	0.264836875276	-0.000275277471914	0.0443879983575	-0.132634570729	0.235734736044	4.18392688515e-16	0.03314394199
189	-0.18215424972	0.337093599882	-0.00161786721491	0.043508964479	-47.8154905514	88.487069969	-0.424690143914	11.4211031757	-0.187383813294	0.207281934161	-0.000343909443303	0.0413701644824	-0.157092938854	0.241324768498	-3.72668987976e-16	0.0344185915354
18	-0.176803985339	0.363522773032	-0.00121983182384	0.0432222795112	-46.4110461515	95.4247279209	-0.320205853759	11.3458483717	-0.212437636921	0.181611473895	-0.000499196880444	0.0404259588691	-0.157795606266	0.232284090206	-1.23117163501e-15	0.0358792574964
167	-0.176438859095	0.277152842351	-0.00205401774047	0.0429305626435	-46.3152005125	72.7526211172	-0.539179656874	11.2692726939	-0.213971604679	0.212468092632	0.000271689400713	0.0403974220874	-0.182048320087	0.266434244654	1.68314000054e-15	0.0392797255303
138	-0.301400313439	0.279271647214	-0.00170221388876	0.0428637525132	-79.1175822779	73.3088073937	-0.446831145799	11.2517350347	-0.261238243863	0.200047164195	5.52154425232e-05	0.0415769313196	-0.157900346611	0.281347987702	6.13471220332e-16	0.0397330214511
43	-0.393359598892	0.320109892948	-0.00240825812579	0.0488786945472	-103.256894709	84.0288468989	-0.632167758019	12.8306573186	-0.268773130248	0.224284422801	-0.00118896535232	0.0444752027284	-0.137436558281	0.234478523934	-1.63066783886e-15	0.0319737988189
148	-0.256505996336	0.474648158258	-0.00262519354121	0.051936355853	-67.3328240382	124.595141543	-0.689113304566	13.6332934114	-0.395840959472	0.252986434139	-0.00096927343777	0.0487469843447	-0.116343348412	0.178011886989	-7.91724223821e-17	0.0295530231336
17	-0.307252451742	0.251778119354	-0.00192889697282	0.0438158606992	-80.6537685822	66.0917563303	-0.506335455364	11.5016634336	-0.311447580769	0.228722073351	-0.000573238555582	0.0425627827055	-0.15402181857	0.230005331113	-6.92477014044e-16	0.0347913541293
201	-0.281842684405	0.546027282124	-0.00118185891231	0.0527036830971	-73.9837046563	143.332161557	-0.31023796448	13.834716813	-0.300078620421	0.385303595323	-0.000683818969995	0.04758766777	-0.14936424924	0.221112971162	1.5252077601e-16	0.0312393539123
48	-0.219622901902	0.22065145417	-0.00205837377137	0.0439434353874	-57.6510117494	57.9210067195	-0.540323114985	11.5351517892	-0.197410105793	0.338907713372	-0.000199738196449	0.0434111766117	-0.126723263551	0.230612659347	-7.41731655449e-16	0.032698901202
298	-0.60254753468	2.07651936942	-0.00107871793717	0.0733985353746	-158.168727854	545.086334473	-0.283163458507	19.2671155358	-0.335954021714	0.274209899304	-0.000330929701871	0.044222000764	-0.139067640529	0.22679633217	-2.63783301472e-15	0.0323978980347
81	-0.221163656825	0.399137290616	-0.00184997859359	0.0453669510569	-58.0554599167	104.773538787	-0.485619380818	11.9088246524	-0.204748341984	0.21951950213	-1.44173237051e-05	0.0422124951631	-0.137981650985	0.240331405978	2.450155573e-16	0.0341601543651
135	-0.358183078155	0.913651687546	-0.00199077074231	0.0499673166956	-94.0230580158	239.833567981	-0.522577319856	13.1164206326	-0.333002975048	0.285349959132	-0.000176773348753	0.045193259894	-0.151603824828	0.226990100309	-5.1475166801e-16	0.0334507537794
242	-0.415291567277	0.465875039809	-0.000628419209589	0.0487969551959	-109.01403641	122.29219795	-0.164960042517	12.8092007389	-0.274759293454	0.249160498554	-7.8130658288e-06	0.0449789269786	-0.141979698889	0.215584801191	8.3149293308e-16	0.0324326384491
101	-0.375478644322	0.319254266339	-0.00168026978723	0.0486846169545	-98.5631441346	83.8042449139	-0.441070819148	12.7797119506	-0.275502790143	0.280994285778	0.000769447696073	0.0458715765237	-0.12875530638	0.217255138608	3.41596708356e-16	0.0321583494774
287	-0.580245538284	0.281879826975	-0.00307991113644	0.0479594100934	-152.314453799	73.993454581	-0.808476673315	12.5893451495	-0.294304939201	0.337669332528	-0.000958710905279	0.0474404784753	-0.150618578067	0.209976770888	1.95971185407e-16	0.0337527538529
175	-0.322795761084	0.466949268432	-0.00197251235796	0.0450433115838	-84.7338872844	122.574182963	-0.517784493964	11.8238692908	-0.213868040767	0.201807505812	-0.000689371173267	0.0405631404799	-0.182887849241	0.2387006833	2.3020147506e-16	0.0358900497917
82	-0.212281845627	0.283432008788	-0.00171288744134	0.0430491239423	-55.7239844771	74.4009023068	-0.449632953352	11.3003950349	-0.209708873797	0.208751390999	0.000476095812665	0.0410142884806	-0.167733983143	0.277557025787	-3.89038271136e-16	0.039794570115
188	-0.268635965289	0.271408552028	-0.00209579702881	0.0440018723024	-70.5169408883	71.2447449074	-0.550146720063	11.5504914794	-0.201907723821	0.202818298721	-2.78745136337e-05	0.0410683124088	-0.149069029718	0.228996095846	2.63408188597e-16	0.0359152076927
89	-0.185440905344	0.224913466743	-0.00157292502446	0.0407718397589	-48.6782376529	59.0397850201	-0.41289281892	10.7026079367	-0.205510897789	0.210501051093	0.000105241363821	0.0401237721133	-0.167766127874	0.268939061802	-8.51520112283e-16	0.0390627619539
296	-119.583324404	1.25129920904	-0.0638508598262	2.40103407177	-31390.6226561	328.466042374	-16.7608507044	630.271443839	-0.450450666633	0.518730293238	0.000611124175375	0.0525422542946	-0.127624046226	0.285470201739	1.02119570661e-17	0.0342019686704
163	-0.227556550429	0.266562407194	-0.00162490737091	0.0423089761049	-59.7335944877	69.9726318883	-0.426538184865	11.1061062275	-0.197572221604	0.209320858497	0.000215232821036	0.0401154406524	-0.184744650777	0.256549072313	-4.79089165265e-16	0.0378479289223
9	-0.209769274632	0.218930416069	-0.00176962095144	0.0421776955933	-55.0644345908	57.4692342182	-0.464525499753	11.0716450932	-0.194726638671	0.217749376346	0.000323330650558	0.0404697087397	-0.173914359058	0.222175136462	6.06583901969e-16	0.0389402945419
185	-0.247264051512	0.249599255295	-0.0020015048469	0.0430020968745	-64.906813522	65.5198045149	-0.525395022311	11.2880504296	-0.208796087983	0.194689787713	-0.000304104718676	0.0408554224174	-0.1800488537	0.219743609489	-1.06587599429e-15	0.0351624888409
214	-0.315678667953	0.354683081604	-0.00289200508802	0.0492891252333	-82.8656503376	93.1043089211	-0.759151335605	12.9383953737	-0.373459999374	0.325689480064	-0.000432409001378	0.0482565888815	-0.123440178334	0.220046843694	2.41362422076e-15	0.030140059638
125	-0.19558001499	0.310302425467	-0.000996463016589	0.0435855522171	-51.3397539349	81.4543866851	-0.261571541855	11.441207457	-0.214769594163	0.297727164936	-6.36278368339e-05	0.0411512144948	-0.15318728536	0.239462819679	2.6673124036e-15	0.037249012872
228	-0.187565093433	0.279063149093	-0.00176110548283	0.0423364014957	-49.2358370261	73.254076637	-0.462290189243	11.1133053926	-0.195588071083	0.19514744686	-0.00035313581651	0.0400348878723	-0.158126877132	0.24671198472	-3.34209503982e-17	0.0375688756021
297	-0.196559830039	0.237018959063	-0.00163967363286	0.0417059820637	-51.5969553853	62.217476754	-0.430414328625	10.9478202917	-0.227021464898	0.218279230523	0.000520658004895	0.0406660863688	-0.186536284327	0.222707248401	7.09703244651e-16	0.0389180177859
105	-0.233649249468	0.380241532817	-0.00140890287435	0.0438897869402	-61.3329279853	99.8134023645	-0.369837004516	11.5210690718	-0.225956350593	0.265069162307	-0.00034042436158	0.0409325012325	-0.175229471313	0.228773748273	-3.45230800303e-16	0.0369472498955
218	-0.180463867579	0.284111095015	-0.00155665139489	0.0421237623095	-47.3717652396	74.5791624415	-0.408620991159	11.0574876063	-0.196072510426	0.205742161478	-4.43834679498e-05	0.039588675445	-0.16917273372	0.241515869118	-3.18812221397e-16	0.0384297351675
303	-0.33445750358	0.412199841785	-0.0021449556825	0.0480790968649	-87.7950946897	108.202458468	-0.563050866656	12.620762927	-0.226050525856	0.213611319108	-0.000364604630748	0.0439149460929	-0.13475512489	0.213059944652	-6.83102167678e-16	0.0333513077931
285	-0.412321295086	0.579440931274	-0.00147426535998	0.0491322350977	-108.23433996	152.103244459	-0.386994656994	12.8972117131	-0.495931526034	0.425790530217	-3.52732639151e-05	0.0467227835348	-0.153740446404	0.208031114535	-8.00000114435e-16	0.0337547092849
86	-0.237540169959	0.364067558097	-0.0025433244109	0.0473491422294	-62.3542946143	95.5677340005	-0.667622657861	12.4291498352	-0.264681810535	0.201650733529	-0.000779545427189	0.0425804042926	-0.134447847563	0.257278678525	1.98914165109e-15	0.0341718578611
33	-0.290012125093	0.283643316803	-0.00162217975147	0.0477587808793	-76.128182837	74.4563706608	-0.425822184761	12.5366799808	-0.414730205038	0.315784420494	-0.000266657659214	0.0462638924987	-0.125784921023	0.197100627449	7.14477949518e-16	0.0308892060807
244	-0.201728439929	0.259773712858	-0.00079217314796	0.0442608920477	-52.9537154814	68.1905996253	-0.20794545134	11.6184841625	-0.251475932162	0.241374437863	6.91945135678e-05	0.0415823763586	-0.150450315024	0.235557007836	4.12564652411e-16	0.0354136348296
196	-0.187797313162	0.214783432046	-0.00115075095236	0.0417856482837	-49.2967947049	56.3806509122	-0.302072124995	10.9687326745	-0.218429325076	0.193427587956	0.000820601246854	0.0406878499218	-0.188908097627	0.25160172814	1.44803686544e-15	0.0375092988111
216	-0.321444412352	0.363458147699	-0.00201571274842	0.0462234160026	-84.3791582425	95.4077637709	-0.52912459646	12.1336467007	-0.373308124809	0.248383183103	-0.000423319361951	0.0439453452914	-0.134734808471	0.222970035145	-1.44165538411e-16	0.0340396950678
8	-0.248195255974	0.417203475528	-0.0017860966333	0.0464111212281	-65.1512546931	109.515912326	-0.468850366241	12.1829193224	-0.279872360863	0.19887819306	-0.000756027968571	0.0427920559522	-0.136020170468	0.259638924344	-1.64975078894e-15	0.0345155593521
277	-0.289998375989	0.402804074473	-0.00129461042817	0.0497253735739	-76.124573697	105.736069549	-0.339835237394	13.0529105632	-0.235681380046	0.307743466603	-0.000286729160729	0.0450817208683	-0.129356243398	0.231215637923	-3.43786685162e-16	0.0309747338856
207	-0.193971883641	0.253884013913	-0.00214140022875	0.0423463491091	-50.9176194557	66.6445536521	-0.562117560046	11.1159166411	-0.191056261773	0.188071077233	-0.0005029149096	0.0406859202393	-0.15808962533	0.261188192599	8.36856789317e-16	0.0365030772981
141	-0.166683662627	0.451653553934	-0.00107119240781	0.0432565263066	-43.7544614396	118.559057908	-0.281188007051	11.3548381555	-0.195587854617	0.195122198523	0.000185825834115	0.0402854468887	-0.144855368461	0.240906204916	5.4042438525e-16	0.0374634384475
134	-0.180663719124	0.333225159946	-0.00163666940794	0.0442536756145	-47.4242262699	87.4716044859	-0.429625719583	11.6165898488	-0.276560875227	0.297798771454	-8.54956888741e-05	0.0434105627804	-0.141028436966	0.224101587389	7.35133953584e-16	0.0330032869963
147	-0.223183003425	0.253916227301	-0.00168537209629	0.0429104667146	-58.585538399	66.6530096665	-0.442410175277	11.2639975126	-0.222985849552	0.211068960762	-0.00080496321879	0.0405435260106	-0.153608718118	0.245389867844	-8.72019406052e-16	0.0371439138174
70	-0.443514685321	0.419221472772	-0.00176461038664	0.0441433094161	-116.422604897	110.045636603	-0.463210226493	11.5876187217	-0.211546641261	0.206576438951	0.000449809696641	0.04015975752	-0.178506313391	0.272084471503	1.33600487258e-15	0.0395383030177
62	-0.246031376283	0.217742841072	-0.00161151568505	0.0464830920522	-64.5832362744	57.1574957813	-0.423022867326	12.2018116637	-0.221080042062	0.2671976045	-2.21532274385e-05	0.0447485791622	-0.151670068835	0.215043826733	1.72175024381e-15	0.0315745169076
126	-0.290977909429	0.270729315196	-0.00188946177236	0.0431338226748	-76.381701225	71.0664452389	-0.495983715244	11.3226284521	-0.209706734329	0.206906404912	4.35162575705e-05	0.0409485403952	-0.17990723659	0.26794794325	-6.14104012544e-16	0.0384153773801
169	-0.358475514393	0.613962176746	-0.00261221138546	0.0471469613844	-94.0998225282	161.165071396	-0.685705488684	12.3760773634	-0.297166752802	0.355089506854	-0.000444548340586	0.0437701052471	-0.128447750625	0.21179356273	-1.51375005536e-15	0.0332879520825
53	-0.200105934202	0.242810771595	-0.00184697499139	0.042358823859	-52.527807728	63.7378275436	-0.484830935241	11.119191263	-0.247234074214	0.200226945782	0.000575017531655	0.0411967922197	-0.168039231579	0.245294781614	-2.43392117971e-15	0.0396359314553
197	-0.178036365541	0.269391526936	-0.00187708303318	0.0425681150203	-46.7345459546	70.7152758207	-0.492734296211	11.1741301928	-0.19964201355	0.199792387259	-5.45460458472e-05	0.0401291232517	-0.19532235009	0.27943535527	-2.12292860376e-16	0.0389546038622
223	-0.188930471673	0.39192269636	-0.00162570022634	0.042361010549	-49.5942488142	102.879707795	-0.426746309414	11.1197652691	-0.20802343398	0.213514342895	0.000238036785743	0.0406115058753	-0.164525592656	0.233381007387	4.29517135917e-16	0.0379413654691
222	-0.539977032322	0.263099877587	-0.00215203749462	0.0505975247502	-141.743970985	69.0637178665	-0.564909842338	13.2818502469	-0.316665922918	0.232925215258	-0.000898317723142	0.0457431712609	-0.123463371651	0.193248066329	-7.4651627869e-16	0.0314079319288
23	-0.27279655994	0.316068806424	-0.00238257843256	0.0443690775048	-71.6090969844	82.9680616862	-0.625426838547	11.646882845	-0.194181733452	0.220150400776	-0.000624811435717	0.041784802678	-0.147396527795	0.239906235521	1.76558151874e-15	0.033995225937
195	-0.208360703297	0.278802594896	-0.00159395189844	0.0437382492311	-54.6946846154	73.1856811601	-0.41841237334	11.4812904232	-0.249677298783	0.211851795271	0.000154792079417	0.0426785592529	-0.208808635152	0.257877812759	-1.24535094136e-16	0.0430601252589
127	-0.286287809665	0.299169717202	-0.00142843123252	0.0436676542419	-75.1505500372	78.5320507654	-0.374963198536	11.4627592385	-0.209198102745	0.230246156179	0.000276871722575	0.0416024086552	-0.185607634788	0.229176357716	-1.39503902998e-15	0.0355653746701
71	-0.188997198199	0.28900839724	-0.00199618264771	0.0428368210327	-49.6117645273	75.8647042756	-0.523997945024	11.2446655211	-0.231025593085	0.187240733216	-0.000329833285297	0.0407925869463	-0.149515392487	0.230818289743	-1.12848870074e-15	0.0353300163982
52	-0.217403619706	0.269905085916	-0.00146079743665	0.0440056574271	-57.0684501729	70.8500850529	-0.38345932712	11.5514850746	-0.21208936671	0.214617878736	-3.05851395891e-05	0.0421522560063	-0.137179358269	0.246551060578	-5.33771140495e-16	0.0349350198695
271	-0.195577861676	0.258540830345	-0.00146187206956	0.0418895445838	-51.3391886901	67.8669679655	-0.383741418259	10.9960054532	-0.207661512065	0.21481733053	9.91018549356e-05	0.0397752349484	-0.180099166227	0.233513747341	1.23697983436e-15	0.0380038260305
104	-0.248150879256	0.238005695822	-0.00135997348483	0.041564334667	-65.1396058046	62.4764951532	-0.356993039767	10.9106378501	-0.20481908869	0.231460018073	0.000179561752178	0.0402235085599	-0.163933881347	0.253534827957	-1.0663600109e-15	0.0380864366972
78	-0.342703066057	0.284290135549	-0.00251682794883	0.0463473070523	-89.9595548399	74.6261605816	-0.660667336567	12.1661681012	-0.200878945897	0.323842457733	-0.000509254937319	0.0430287024289	-0.12811224763	0.235663702035	-7.19897348645e-16	0.0331275870082
279	-0.198543377491	0.270191167042	-0.00203621490329	0.0428804037213	-52.1176365914	70.9251813484	-0.534506412113	11.2561059769	-0.197573539569	0.200673693735	-0.000630550792498	0.0403261457849	-0.150569359856	0.244683696211	-9.29502329879e-16	0.0359902861827
41	-0.267360254494	0.328085984093	-0.00267769086448	0.0503304275715	-70.1820668048	86.1225708245	-0.702893851925	13.2117372375	-0.370529454376	0.484283449936	-0.000303082690668	0.0513313061399	-0.122727890086	0.191213926914	7.99766040827e-16	0.0295620002028
234	-0.24386570925	0.236106247203	-0.001727421764	0.0444999767796	-64.0147486782	61.9778898908	-0.45344821305	11.6812439047	-0.44308281552	0.189360337409	0.000693346135313	0.0429619698543	-0.138270147197	0.249286286098	-7.09048632018e-16	0.033657124373
61	-0.274670962656	0.530337881478	-0.00250220621751	0.0503049437112	-72.1011276971	139.213693888	-0.656829132095	13.2050477242	-0.261106933732	0.2568324834	-0.000720287042255	0.0469186180915	-0.125760462821	0.216494381846	3.87165682272e-16	0.03062785496
288	-0.242193298231	1.91617706758	-0.0025105607388	0.0579984125554	-63.5757407857	502.99648024	-0.659022193935	15.2245832958	-0.341072158471	0.264122723631	-0.00199725814627	0.0459980110703	-0.134611988339	0.239938372459	-1.74634780939e-16	0.0342597161257
237	-0.213052511957	0.293787861005	-0.00197430144441	0.0432480305859	-55.9262843887	77.1193135138	-0.518254129158	11.3526080288	-0.241914787301	0.2301165259	-0.000159315156378	0.0414928672311	-0.17896214249	0.272112434949	-1.42300884245e-14	0.042077997503
263	-1.21585774275	0.365985935576	-0.00148782143476	0.0523583301549	-319.162657472	96.0713080887	-0.390553126624	13.7440616657	-0.309107565692	0.210358167143	0.000258164496385	0.044464322581	-0.125874801113	0.240405969565	1.47294983529e-15	0.0330047729144
90	-0.197246744805	0.262371385304	-0.00171163032901	0.0428349428521	-51.7772705114	68.8724886423	-0.449302961366	11.2441724987	-0.212426408579	0.19878437622	-0.000152820583299	0.0411530339487	-0.186989464998	0.25610241895	1.41797824356e-15	0.0393655108787
290	-0.310404849028	0.407609736091	-0.00223119653895	0.0496852972842	-81.4812728698	106.997555724	-0.585689091474	13.0423905371	-0.195603494649	0.281931183529	-0.000591412493636	0.0436756037335	-0.154325695831	0.253246415523	2.47368195427e-16	0.0329417294567
116	-0.187888687482	0.287637037094	-0.00167384427955	0.0427846386663	-49.3207804639	75.5047222373	-0.439384123383	11.2309676499	-0.223362442599	0.222529274208	0.000362929525662	0.0411896640558	-0.1773678208	0.264658790415	2.7536419241e-15	0.0417360902541
281	-0.198555916662	0.278832142119	-0.00158595457595	0.0440584147164	-52.1209281236	73.1934373063	-0.416313076188	11.565333863	-0.247839096628	0.239635284971	0.000706896051468	0.0428192936746	-0.175063117487	0.292043868268	-2.00325747985e-15	0.0442371192295
39	-0.201926880835	0.308728479559	-0.000968648483598	0.0451804307708	-53.0058062192	81.0412258843	-0.254270226944	11.8598630773	-0.194025258929	0.216280577666	0.00027027922506	0.0416602289246	-0.137680645239	0.233998003931	1.07380275817e-16	0.0349725080035
202	-0.187168876279	0.357516581395	-0.00147003609257	0.0441478206443	-49.1318300233	93.8481026163	-0.385884474299	11.5888029191	-0.206329987368	0.224255852147	-0.000442557516937	0.0406365254763	-0.181398811307	0.237180610806	-5.58713865466e-16	0.0353842417976
256	-0.185455047349	0.383242044689	-0.00153905114437	0.0430286268963	-48.681949929	100.601036731	-0.404000925397	11.2950145603	-0.196212490606	0.195146194158	-0.000356749304499	0.0401184014506	-0.147474990971	0.242945663395	1.85402166905e-16	0.0363441995965
283	-0.210489991982	0.391521572309	-0.00171425094322	0.0436315124495	-55.2536228953	102.774412731	-0.449990872595	11.453272018	-0.186563022351	0.218921237998	-5.55124010354e-05	0.040626342431	-0.153290098034	0.23986468335	1.26475921407e-15	0.0357299221884
51	-0.202616622179	0.277428431904	-0.0013957892555	0.0425106251663	-53.186863322	72.8249633749	-0.366394679569	11.1590391061	-0.228130233044	0.20800660736	0.000855603877141	0.0402650154671	-0.156894951423	0.272127801543	-5.26510891299e-15	0.0399141821632
248	-0.451089900592	0.272330647964	-0.00210543772477	0.0446793229292	-118.411098905	71.4867950905	-0.552677402751	11.7283222689	-0.22728626276	0.195003887121	-0.000411050140622	0.0414217329445	-0.148061371022	0.246486042846	2.59694749664e-16	0.0344787537074
44	-0.175299478011	0.251765578544	-0.00205832488779	0.0426104398377	-46.0161129779	66.0884643679	-0.540310283044	11.1852404574	-0.202996017457	0.195026216772	-0.000133634980616	0.0397701239825	-0.156084635688	0.258463976913	6.0797247422e-16	0.0374279293341
280	-0.250354615401	0.253754639762	-0.00195799493574	0.0452078213083	-65.7180865427	66.6105929376	-0.513973670632	11.8670530934	-0.282372183756	0.208535050738	0.000260554324682	0.043994082566	-0.125029425061	0.219424437702	-3.0590762437e-15	0.032610941115
30	-0.220064648383	0.407819303255	-0.000838268228828	0.0433643613543	-57.7669702005	107.052567105	-0.220045410067	11.3831448555	-0.221268016541	0.220518902687	0.000860420972217	0.040658629958	-0.178315335384	0.260218134436	-4.17197722909e-15	0.0405420582521
112	-0.27799163121	0.394541760385	-0.00207598496457	0.0456413444045	-72.9728031925	103.567212101	-0.5449460532	11.9808529062	-0.216974555924	0.323217503958	-0.000434242847077	0.0426097610292	-0.129659770584	0.238905989462	-1.87623882506e-16	0.0339732220119
293	-0.177699458732	0.307618316668	-0.00164425811323	0.0427313297922	-46.6461079173	80.7498081254	-0.431617754722	11.2169740705	-0.229668845228	0.183764006925	-0.000431496459254	0.0402898397916	-0.195163659751	0.239934539355	-4.84024547778e-16	0.0364099187704
27	-0.201730687174	0.202713297681	-0.00174084340936	0.041637284819	-52.9543053832	53.2122406411	-0.456971394957	10.929787265	-0.198143366926	0.18756859818	-9.86507499585e-05	0.040048391844	-0.164558593435	0.228159093707	3.4385809745e-16	0.0368174341023
268	-0.190043529353	0.479543566509	-0.00219902847633	0.0441778272247	-49.8864264551	125.880186209	-0.577244975036	11.5966796465	-0.201424639842	0.200986011161	-0.000679199544062	0.0412555623396	-0.146798391521	0.227095231969	-3.51665840848e-16	0.0347345447515
38	-0.269727594528	0.822823818564	-0.00203252969529	0.048926855247	-70.8034935636	215.991252373	-0.533539045014	12.8432995023	-0.214675580037	0.221164113198	-0.000698873253131	0.0441846677383	-0.150733289247	0.242362193203	2.31631704478e-16	0.0319581469162
299	-0.197402532773	10.6962973639	0.00325200061349	0.207348774492	-51.818164853	2807.77805802	0.853650161041	54.4290533041	-0.212037225454	0.208934552619	-0.000225251353338	0.0414181178655	-0.173690976982	0.235489102062	7.149956886e-17	0.0355339130659
289	-0.340612384577	0.610268247224	-0.00181796206701	0.0470617009455	-89.4107509514	160.195414896	-0.477215042589	12.3536964982	-0.256115571395	0.213002635881	-0.00101799080324	0.0416345954872	-0.145103203087	0.239912799823	-2.34351322415e-17	0.0342765092155
25	-0.655656348113	0.242487561489	-0.00183174817865	0.049112279749	-172.10979138	63.6529848908	-0.480833896894	12.8919734341	-0.242202621213	0.293570506655	0.000195396434399	0.0437904899037	-0.131972281408	0.216490348918	-3.57763656702e-16	0.0332320755413
164	-0.210470753737	0.261102833634	-0.00157459351622	0.0421888051973	-55.2485728559	68.5394938288	-0.413330798007	11.0745613643	-0.203893902484	0.235984210452	0.000190501834553	0.0407617898062	-0.180743382442	0.247629081483	-1.16544852671e-16	0.0384634176878
209	-0.230721332114	0.237917982665	-0.0018653504454	0.0423380404645	-60.5643496799	62.4534704496	-0.489654491918	11.1137356219	-0.225659600487	0.197353671456	-0.000563164466505	0.0405683768344	-0.169274993625	0.246129263422	-1.82767846978e-16	0.0365196095106
63	-0.514642353911	0.249200018505	-0.00121073508321	0.0482630177678	-135.093617902	65.4150048575	-0.317817959343	12.669042164	-0.447259328221	0.29532896292	0.000125909717933	0.0469386959411	-0.126851553341	0.226545077569	1.35306249084e-15	0.0313289045139
26	-0.637109644159	0.408697898741	-0.00116348249498	0.0527621796297	-167.241281592	107.28319842	-0.305414154933	13.8500721528	-0.258661632823	0.25666569724	5.50063452306e-06	0.0487673477604	-0.123665752694	0.206237394789	-5.95856189496e-16	0.0310490427417
114	-0.302709275297	0.31616024345	-0.00239010024293	0.045317981446	-79.4611847655	82.9920639057	-0.627401313769	11.8959701296	-0.193902904052	0.220539754708	-0.000350132078658	0.0424696185111	-0.188478320939	0.192368912655	-1.5797746822e-15	0.0343287629774
6	-0.910243983755	0.416675645173	-0.00179513785663	0.0491718194139	-238.939045736	109.377356858	-0.471223687365	12.9076025962	-0.373749069919	0.252188398203	0.000146039066335	0.0442291988486	-0.153517637421	0.231762558455	-8.70055568155e-16	0.034253302595
42	-0.288816147462	0.224233317235	-0.00240542054352	0.0443906567257	-75.8142387088	58.8612457743	-0.631422892673	11.6525473905	-0.216723999729	0.221379461359	-0.000567546330419	0.0424224812572	-0.15638845227	0.239228956746	-5.51167967121e-16	0.0340648881806
191	-0.194951551078	0.26753469217	-0.00174446477867	0.0425399319154	-51.1747821579	70.2278566947	-0.457922004401	11.1667321278	-0.23349985252	0.212252359941	1.19867198332e-05	0.0412836851065	-0.179904537568	0.255487632806	-2.61908530566e-16	0.0416084895144
226	-0.183086317669	0.272384637928	-0.00171010426878	0.0423660333501	-48.0601583881	71.5009674561	-0.448902370555	11.1210837544	-0.212434663292	0.219210720335	3.62771059678e-05	0.0405450722951	-0.162412928011	0.251109109225	5.99863212276e-18	0.0407842414001
295	-0.248303597831	0.268891026464	-0.00214008001013	0.046353872388	-65.1796944306	70.5838944468	-0.561771002659	12.1678915019	-0.244583819837	0.232714241255	-0.000836456919134	0.0447499314473	-0.122860905628	0.183908736817	3.574978443e-16	0.0319438009692
215	-0.919257975825	0.252840467287	-0.002507078424	0.0483959687512	-241.305218654	66.3706226629	-0.658108086301	12.7039417972	-0.341166778877	0.198792167658	-0.000371916923923	0.0436302021597	-0.124992684625	0.224649524151	-1.04378976081e-15	0.0332198691542
174	-0.276611063034	0.315593074104	-0.000874510109183	0.0440320739132	-72.6104040464	82.8431819523	-0.22955890366	11.5584194022	-0.213559690763	0.295835055165	0.000301393386004	0.0416576386065	-0.173093418194	0.22408819872	-1.01138048448e-15	0.0380885174821
236	-0.328751602918	0.248556574535	-0.00220525619228	0.0443655898508	-86.297295766	65.2461008154	-0.578879750473	11.6459673358	-0.394667515216	0.223702032693	1.35199990728e-05	0.0425619947502	-0.136203020419	0.232524550991	8.80648390752e-16	0.0348445480062
173	-0.191678020879	0.282915708839	-0.00160279494015	0.0427671268245	-50.3154804808	74.2653735704	-0.420733671789	11.2263707914	-0.194656409892	0.223929510098	0.000241983784365	0.0407476298332	-0.182758412503	0.26311304759	-4.16517719241e-15	0.0408102387842
12	-0.177081813367	0.387924627988	-0.0014177659899	0.0427085133959	-46.4839760089	101.830214847	-0.372163572349	11.2109847664	-0.197124740133	0.221106437113	-0.000652552345491	0.0400015930401	-0.163685926319	0.225719380382	-2.56830323478e-16	0.0363734006641
181	-0.2048274506	0.243603387407	-0.00221674937752	0.0417304072982	-53.7672057826	63.9458891945	-0.5818967116	10.9542319158	-0.18584947387	0.197538617863	0.000362139186937	0.0405315775554	-0.166429108565	0.242896246415	2.20148211966e-15	0.0370385876461
75	-0.461559554214	0.267589810742	-0.00250404479894	0.0495586725229	-121.159382981	70.2423253198	-0.657311759723	13.0091515373	-0.341670173835	0.239714041762	-0.00104489250453	0.0477025911915	-0.126587718491	0.206786090942	1.07934117777e-15	0.0309587081922
253	-0.196669185241	0.270376489544	-0.00189697386216	0.0420173995335	-51.6256611258	70.9738285053	-0.497955638818	11.0295673776	-0.206729887081	0.212682033202	-6.1196654836e-05	0.0401209337567	-0.18029938205	0.277587542913	8.61311530325e-16	0.0389799580882
4	-0.264737958471	0.265016885384	-0.00207648023556	0.0462201125134	-69.4937140987	69.5669324132	-0.545076061834	12.1327795348	-0.221584236818	0.202121290314	-0.000398882735594	0.0427749077858	-0.144644410184	0.223279461588	-7.02125607512e-16	0.0327397499851
284	-0.233232416625	0.365717904377	-0.00203313524633	0.0456737749746	-61.2235093642	96.0009498989	-0.53369800216	11.9893659308	-0.367037921007	0.253842552055	-0.00118912030811	0.0445978241154	-0.14682474068	0.263880234742	-8.18376876335e-16	0.0363044815026
152	-0.175479252485	0.248685724601	-0.00186087972524	0.0417447364484	-46.0633037773	65.2800027076	-0.488480927877	10.9579933177	-0.217131822566	0.181174879828	-0.000342637186167	0.0397994738284	-0.155121061239	0.237613279957	9.56218459981e-16	0.0371549753013
159	-0.207316212472	0.281631633624	-0.00145828972765	0.0427727507733	-54.4205057739	73.9283038262	-0.382801053508	11.227847078	-0.227628129934	0.225143913469	0.000344349484072	0.0410570595638	-0.167327248047	0.257562803959	-8.39846980475e-15	0.0396531748141
170	-0.27260853358	0.456207294549	-0.00166747319044	0.0484572558218	-71.5597400647	119.754414819	-0.437711712489	12.7200296532	-0.213840415074	0.222955386221	-0.000610042686506	0.0438098182561	-0.146083826813	0.207266678797	6.03735345181e-16	0.0326741224362
198	-0.252415653657	0.450930612626	-0.00219336329799	0.0446086818845	-66.259109085	118.369285814	-0.575757865721	11.7097789947	-0.223773774962	0.259362763763	-0.000369154723656	0.0432874512397	-0.128666093737	0.205577545391	3.94513213153e-16	0.0349231170081
264	-0.924548407451	0.264126985952	-0.00171787352758	0.0454763287687	-242.693956956	69.3333338123	-0.45094180099	11.9375363018	-0.198457107394	0.210315544295	0.00030939894551	0.0402038724517	-0.180269550878	0.262598448889	-1.83420079201e-15	0.0393678940464
124	-0.264356760257	0.272286722199	-0.00193851333515	0.0437982826258	-69.3936495676	71.4752645773	-0.508859750476	11.4970491893	-0.206994707356	0.211352285696	-0.000154813719347	0.0412370210209	-0.150791507658	0.234867650509	-1.47918650837e-16	0.0362988854588
102	-0.669696712677	0.282748771512	-0.00317402321634	0.0519786977346	-175.795387078	74.2215525218	-0.833181094289	13.6444081553	-0.255395018073	0.294171907881	-0.00112250045899	0.0488150934181	-0.134173030242	0.188598884918	-1.32025846326e-15	0.0300380798455
186	-0.368421691142	0.331202208402	-0.00151647301222	0.049919083744	-96.7106939247	86.9405797055	-0.398074165707	13.1037594828	-0.409815058304	0.507566089374	-0.000475644035614	0.0499425605552	-0.138154566707	0.23523617319	-2.50872158318e-15	0.0306808886277
139	-0.260853496624	0.264297965008	-0.00204804617553	0.0445041063343	-68.4740428639	69.3782158145	-0.537612121077	11.6823279127	-0.266390442668	0.221204002967	-0.000516098683398	0.0424161956574	-0.141839847195	0.262274697672	3.106148843e-15	0.0343277291274
72	-0.293137759996	0.341299272214	-0.00168367315883	0.050863135417	-76.9486619989	89.5910589563	-0.441964204193	13.351573047	-0.261083376222	0.241444154508	-0.000834778270956	0.0465490771683	-0.126556698817	0.190216052169	-4.58641447037e-16	0.0309761222205
172	-0.279521491536	0.316575340147	-0.00232469603491	0.0480490387686	-73.3743915282	83.1010267885	-0.610232709164	12.6128726768	-0.302556285973	0.292026556643	0.000633911165856	0.0459259541891	-0.132206880991	0.188562346243	9.48823320909e-16	0.0329982803749
121	-0.341421910471	0.333661738309	-0.00182177273531	0.0491482521856	-89.6232514987	87.5862063061	-0.47821534302	12.9014161987	-0.334020630705	0.310184905107	-0.000287200851856	0.0476616783264	-0.131237886673	0.154065277669	4.32981226947e-15	0.0305731285712
291	-0.223874234563	0.303871274923	-0.00257712007569	0.0439846586088	-58.7669865727	79.7662096673	-0.676494019869	11.5459728848	-0.219554437563	0.280156045137	-0.000102112090876	0.0422652838383	-0.136093726242	0.239852840519	-5.846920686e-16	0.0347687921209
270	-0.348838478669	0.274151272538	-0.00261265308318	0.0466586820823	-91.5701006506	71.9647090413	-0.685821434334	12.2479040466	-0.351408087709	0.178780779216	-0.000853801411937	0.043971059632	-0.125689093115	0.242098282076	-7.00768774055e-16	0.0344028627947
252	-0.527412193054	0.304651462034	-0.00348114318822	0.0472557810997	-138.445700677	79.971008784	-0.913800086908	12.4046425387	-0.452458333465	0.207807858258	-0.00101347449067	0.0427644516871	-0.151713579623	0.238762119701	1.44851096368e-15	0.0339009257806
156	-0.185956445184	0.268573677385	-0.00208212717084	0.0418576683382	-48.8135668608	70.5005903135	-0.546558382345	10.9876379388	-0.194537292605	0.206869137257	9.81545814209e-05	0.0399161317166	-0.171249979295	0.260046376057	-2.04021333847e-15	0.0379264396287
136	-0.197517836805	0.257170492387	-0.00196102165175	0.0418966325691	-51.8484321614	67.5072542515	-0.514768183583	10.9978660494	-0.224560592197	0.223761020736	8.50492983975e-05	0.0402878793801	-0.167529003423	0.247455869952	5.75836944991e-16	0.0399079557752
143	-0.424002223719	0.560452137529	-0.00224839752039	0.0489355482568	-111.300583726	147.118686101	-0.590204349103	12.8455814174	-0.194740550764	0.319763759581	0.000282560371594	0.0433839653087	-0.13178386861	0.239061767834	1.70946733041e-15	0.0327357347085
3	-0.247507622838	0.227410415141	-0.00272886899957	0.0438696441365	-64.9707509951	59.6952339745	-0.716328112387	11.5157815858	-0.193691432246	0.230920919881	-0.000256865876303	0.0418921785422	-0.133737103021	0.235837714045	5.73250233255e-16	0.0344961606609
221	-0.222206946893	0.26261929566	-0.00249056349307	0.0432713483127	-58.3293235595	68.9375651108	-0.653772916932	11.3587289321	-0.174941534823	0.1983946169	-0.000701293301678	0.0409918919777	-0.126974840832	0.254237047712	1.65200027598e-15	0.0358807502242
213	-0.191836162463	0.27318649601	-0.00152153133885	0.0420254498205	-50.3569926465	71.7114552027	-0.399401976449	11.0316805779	-0.228534142411	0.256535439362	0.000338522011006	0.0411161037419	-0.183841559663	0.266933717299	-9.2337277523e-16	0.0406831278511
267	-0.39502204087	0.366149880725	-0.00158534240127	0.0559267023587	-103.693285728	96.1143436904	-0.416152380335	14.6807593692	-0.38708543439	0.385012836611	-0.000642291189067	0.0509297908699	-0.127396890955	0.196359458233	-5.91771406669e-15	0.0298927135019
31	-0.264668327397	0.27201637183	-0.0012493229766	0.0460059077746	-69.4754359417	71.4042976054	-0.327947281359	12.0765507908	-0.229827027643	0.226138490535	0.000137631657265	0.0432851444082	-0.138057172148	0.233576184175	2.29116801765e-15	0.0333640009977
220	-0.282928485269	0.413026319808	-0.0020875723775	0.0458271896413	-74.2687273832	108.41940895	-0.547987749093	12.0296372809	-0.262448653241	0.277674516034	-0.00122722803595	0.0438205758274	-0.128030641337	0.230457056721	1.44095713063e-15	0.0331413440153
142	-1.64220950054	0.388609036058	-0.002208916148	0.0592975920632	-431.079993892	102.009871965	-0.579840488849	15.5656179166	-0.818459051054	0.428883844957	-0.0004383430824	0.0517430348435	-0.13354951908	0.19368139561	-5.42852403014e-16	0.0309300944944
37	-0.318399070957	0.601306622792	-0.00229614685103	0.0475865341529	-83.5797561262	157.842988483	-0.602738548394	12.4914652151	-0.23003053534	0.229968175868	-0.000665743142959	0.042036985633	-0.181984678235	0.22261430665	-1.05339471343e-15	0.0343470685179
93	-0.349482707301	0.243467745852	-0.00222765357914	0.0436106057728	-91.7392106665	63.9102832862	-0.584759064525	11.4477840153	-0.330850942964	0.18983525505	-0.000254704627913	0.0410408417654	-0.167083959038	0.230731238526	9.83164696342e-16	0.0360574540585
150	-0.232323375614	3.04928862126	0.000387610095883	0.0734256045479	-60.9848860987	800.438263081	0.101747650169	19.2742211938	-0.238592964128	0.269654925046	-5.8424177987e-05	0.0442492683984	-0.124539364468	0.210934081885	7.95146062582e-16	0.0324460538092
192	-0.291767130907	0.324854105977	-0.00296659563382	0.0497756451001	-76.5888718631	85.2742028189	-0.778731353878	13.0661068388	-0.277810231167	0.264067644099	-0.00136059250914	0.0454512063716	-0.138404518964	0.231863471169	-2.07222587987e-15	0.031004899287
132	-0.195007065663	0.220255980642	-0.00185971257557	0.0423121515908	-51.1893547365	57.8171949185	-0.488174551087	11.1069397926	-0.232482335741	0.206454909988	-6.85070053654e-05	0.0402971614172	-0.16588292249	0.23403670059	2.11142329083e-16	0.0361214526793
160	-0.228572944303	0.364734787586	-0.00167989801578	0.0471737105906	-60.0003978795	95.7428817414	-0.440973229142	12.38309903	-0.220022017358	0.39304719244	-0.000408191435228	0.0442821998294	-0.142891405565	0.169947336275	-5.39976074781e-16	0.0332582612181
85	-0.286720774736	0.289280895257	-0.00304121461698	0.0474609557347	-75.2642033682	75.9362350049	-0.798318836958	12.4585008804	-0.204536063679	0.237058117543	-0.00137643384102	0.044222676139	-0.128719197071	0.237671720307	-9.60519066609e-16	0.0319218041193
230	-0.178019481505	0.275932617457	-0.00157931692943	0.0421457346275	-46.7301138951	72.4323120823	-0.414570693975	11.0632553397	-0.20800569922	0.21953139363	4.46507527642e-05	0.0405777867891	-0.178270117767	0.252612731059	-9.12092014266e-15	0.0407572052229
97	-0.299074163769	0.260515319057	-0.00180685704764	0.042662719115	-78.5069679894	68.3852712523	-0.474299975005	11.1989637677	-0.213988378395	0.190640039427	-6.87327083996e-05	0.040447976897	-0.15851028779	0.238149692149	1.55634351731e-15	0.0381360352912
49	-0.232487435445	0.27930543051	-0.00143088739131	0.0422320390332	-61.0279518042	73.3176755089	-0.375607940219	11.0859102462	-0.192632017333	0.202683527197	0.000623785542218	0.0406860360326	-0.172292346992	0.265257237886	-4.06970689916e-16	0.039968024845
5	-0.186819325613	0.27919968486	-0.00130290598619	0.0441874913629	-49.0400729735	73.2899172759	-0.342012821376	11.5992164827	-0.246736705934	0.242467378215	0.000620925359986	0.0429442476169	-0.198131154898	0.290200564851	4.12064766401e-16	0.043726560932
145	-0.206134648351	0.255891695775	-0.00140943915367	0.0416538450018	-54.1103451921	67.1715701409	-0.369977777837	10.934134313	-0.214247662769	0.206978614344	0.000344709699601	0.0402407862517	-0.167238945872	0.228116086011	-2.31616628551e-15	0.0389468984699
286	-0.193402698328	0.23614463068	-0.00192845937853	0.0422854408315	-50.7682083111	61.9879655535	-0.506220586865	11.0999282183	-0.222709244152	0.19663081934	-0.000526107929929	0.0400301535537	-0.155835983677	0.246472465994	2.11878669111e-15	0.036638327486
273	-0.494589240852	0.274461858319	-0.00132360054641	0.0489514947749	-129.829675724	72.0462378088	-0.347445143432	12.8497673784	-0.395226200122	0.509646281512	0.000458446626025	0.0475244588018	-0.125276284912	0.206450894203	-7.16043068812e-16	0.0326941659671
219	-0.425464276575	0.313241661744	-0.00355157875649	0.0484484226087	-111.684372601	82.2259362078	-0.93228942358	12.7177109348	-0.252310541842	0.243564273674	-0.00102739203198	0.0445754455618	-0.144351200965	0.230069752247	5.46415082674e-16	0.0317193428327
165	-0.182572156628	0.426224622841	-0.00206572662946	0.0433363989474	-47.9251911148	111.883963496	-0.542253240234	11.3758047237	-0.201996529921	0.24554557233	-7.77452349122e-05	0.0406336996147	-0.171158908728	0.230572468892	7.45280449387e-16	0.036521991415
149	-0.210938725596	0.294078522376	-0.00184908323893	0.0474442285202	-55.3714154689	77.1956121236	-0.485384350218	12.4541099866	-0.273721840537	0.233480462791	-0.00045516356189	0.0443609807388	-0.148363671054	0.226405713876	1.18227008769e-18	0.0320745892227
276	-0.19941787445	0.283064506568	-0.00158399178167	0.0439799962184	-52.3471920432	74.3044329742	-0.415797842689	11.5447490073	-0.243166617703	0.24616091039	0.000653724772315	0.0427291794107	-0.191340056224	0.296083711253	-3.32722541469e-15	0.0441127362171
117	-0.175934402456	0.320022187121	-0.00143701022305	0.0434879222688	-46.1827806448	84.0058241192	-0.37721518355	11.4155795956	-0.200887330337	0.232708520001	-0.000384963042843	0.0405252905502	-0.142311145788	0.253743453483	2.75559385995e-15	0.0357796501964
16	-0.191199930218	0.26716323544	-0.00206163825944	0.0417990840542	-50.1899816823	70.130349303	-0.541180043104	10.9722595642	-0.208978380856	0.212677157539	5.95310385504e-05	0.0399359320593	-0.168318285427	0.272343838595	1.15643470913e-15	0.03937949779
205	-0.341755301597	0.596045066742	-0.00206949022005	0.047310708385	-89.7107666692	156.46183002	-0.543241182763	12.4190609511	-0.235662264907	0.217624387446	-0.000468395171387	0.043693719922	-0.132924384573	0.255782286572	1.1784277099e-15	0.0331804134144
300	-0.185486387905	0.231252347825	-0.00207654417118	0.0437553619318	-48.6901768251	60.703741304	-0.545092844934	11.4857825071	-0.239955268479	0.180876976902	-4.30686569546e-05	0.0414167634654	-0.143983137212	0.222577051249	1.12082378192e-15	0.0353831797189
24	-9.3636161649	0.295352021601	-0.00597277106932	0.18286574179	-2457.94924329	77.5299056703	-1.5678524057	48.0022572199	-0.210826082708	0.208836730203	0.000153867418545	0.0413897257541	-0.167492467685	0.233674142543	-6.35267837318e-16	0.03547039569
88	-87.2867455116	0.342780839666	-0.030064224264	1.55648521597	-22912.7706968	89.9799704124	-7.8918588693	408.577369193	-0.276551292283	0.210250100493	0.000182620249951	0.043847076214	-0.156592463076	0.22030071709	1.48308641272e-15	0.0330342001324
259	-0.324666291543	0.235317885235	-0.00183670294321	0.0457896440202	-85.2249015301	61.7709448742	-0.482134522594	12.0197815553	-0.261440123641	0.223981069077	6.06817465584e-05	0.0444331816996	-0.137596915928	0.218724160102	-5.90381247479e-17	0.0325385338624
278	-0.279507606431	0.393122971997	-0.00226534994859	0.0482624592692	-73.3707466881	103.194780149	-0.594654361504	12.6688955582	-0.244977277009	0.423049274535	-0.000689262411147	0.0451835288459	-0.141455216832	0.210927192028	9.7237350628e-16	0.0313473323812
80	-0.291534810919	0.279490554484	-0.0017911462491	0.0476922947383	-76.5278878662	73.3662705521	-0.470175890389	12.5192273688	-0.236544652859	0.254872719527	-0.000872580606872	0.0461010811274	-0.117674911048	0.228529152551	-5.11313563118e-15	0.0311139808094
95	-0.181436161293	0.255112439033	-0.00142477073429	0.0430898874069	-47.6269923394	66.9670152463	-0.374002317752	11.3110954443	-0.217002760083	0.20911717147	8.68817270241e-05	0.0406173328336	-0.178571058543	0.226752376073	-2.122988114e-16	0.0377393368423
35	-0.194391302896	0.293317690594	-0.0014017333276	0.0429034775275	-51.0277170102	76.9958937809	-0.367954998496	11.262162851	-0.196266560535	0.21994983272	0.00070669991495	0.0406507333583	-0.16730951778	0.278568994278	-7.00665622974e-16	0.0413998309656
74	-0.642899305602	0.294417390441	-0.0015228098729	0.0499249313615	-168.76106772	77.2845649907	-0.399737591637	13.1052944824	-0.353652623336	0.523413432195	0.000625208584898	0.0479393042246	-0.144792700719	0.226969528889	-1.55703383609e-15	0.0312756704939
251	-0.3234519061	0.37526141414	-0.000151504659204	0.049582829729	-84.9061253513	98.5061212118	-0.0397699730411	13.0154928039	-0.349712235981	0.294594118025	-0.000206245909923	0.0476715907478	-0.11294778959	0.229780505698	-3.34209503982e-16	0.0304226278591
204	-0.170725639487	0.307505426047	-0.00195167571349	0.0427912104014	-44.8154803653	80.7201743374	-0.512314874792	11.2326927304	-0.193125970527	0.207439803328	0.000195337970633	0.0409156690197	-0.144545307994	0.246360167607	2.64765022053e-16	0.0357831566098
77	-0.212700749324	0.27899963604	-0.00141516890358	0.0441621573349	-55.8339466975	73.2374044606	-0.371481837191	11.5925663004	-0.253200298365	0.244175636902	0.000810128252298	0.0429689315207	-0.17373466088	0.291547383898	8.58835904369e-15	0.0442088658905
224	-0.372453271691	0.343390579174	-0.0015912246162	0.05140904074	-97.768983819	90.1400270333	-0.417696461754	13.4948731942	-0.449475926409	0.317428734739	-0.000397518713376	0.0489409074924	-0.137214693028	0.191439766129	1.73091283699e-15	0.0300662320592
212	-0.198469781574	0.27911433755	-0.00138332016116	0.044213668849	-52.0983176631	73.2675136068	-0.363121542304	11.6060880729	-0.260590218285	0.242515988382	0.000819669327085	0.0431687922974	-0.176541220922	0.295441540726	-5.05903685629e-15	0.044359863356
302	-0.371924344572	0.653719965225	-0.00160048623214	0.0540985092082	-97.6301404501	171.601490872	-0.420127635937	14.2008586672	-0.357062210335	0.27099992529	-0.00112792309697	0.0480876108143	-0.124434928562	0.213920561051	-1.63398057552e-15	0.0297259194803
243	-0.374098539925	0.215830355522	-0.00204093216275	0.0442624684548	-98.2008667303	56.6554683244	-0.535744692722	11.6188979694	-0.377109989389	0.19041908277	-0.0002300833076	0.0428282916946	-0.175408335764	0.238074291945	-7.27960986072e-16	0.0363407674636
113	-0.203423736882	0.238793643938	-0.00122969607094	0.0422521101423	-53.3987309314	62.6833315338	-0.322795218621	11.0911789124	-0.210909484438	0.280943319143	0.000385238941802	0.0396870447523	-0.155810948496	0.2424563551	1.78007027833e-16	0.0371783413601
50	-0.209657698562	0.931003600688	-0.000762487422143	0.0479914994691	-55.0351458726	244.388445181	-0.200152948312	12.5977686106	-0.257435088147	0.225802200037	-0.00056168302175	0.0429182214249	-0.143176557293	0.250607602938	-3.14902398675e-16	0.0333098027591
107	-0.179673825127	0.94415185955	-0.0012218851493	0.0457356457223	-47.1643790959	247.839863132	-0.320744851692	12.0056070021	-0.213489715439	0.259390674646	0.000350138482096	0.0410122392116	-0.153532666155	0.229502696742	-1.81208678708e-17	0.0378378948867
178	-0.203061082332	0.274036289464	-0.00112664513664	0.0424920202824	-53.3035341121	71.9345259843	-0.295744348368	11.1541553241	-0.210300198575	0.208412636948	0.000267582337632	0.0414857348037	-0.177992183146	0.274211033189	1.1176260984e-15	0.0405105637599
109	-0.229239934962	0.266105483864	-0.00208875706003	0.0453494896099	-60.1754829276	69.8526895142	-0.548298728257	11.9042410226	-0.250932808779	0.214111391951	0.000684898595713	0.0429258153946	-0.145829373691	0.228639706746	2.39358117216e-16	0.03445091311
235	-0.192509531565	0.283971645624	-0.00161435479863	0.0426115343431	-50.5337520358	74.5425569763	-0.423768134639	11.1855277651	-0.217344756793	0.225562354668	0.000224516943669	0.0406399764651	-0.180849933038	0.278083216231	-7.03053967245e-16	0.0405149259139
161	-0.20800740439	0.246733214084	-0.0014735945703	0.0415693637042	-54.6019436523	64.7674686971	-0.386818574703	10.9119579724	-0.201991102876	0.250332644781	-0.000375021896461	0.0403227182898	-0.173695295479	0.244459489032	9.32350886668e-16	0.0372455202779
190	-0.292556219121	0.327855753627	-0.000697386094425	0.0512170664412	-76.7960075192	86.062135327	-0.183063849787	13.4444799408	-0.357280599212	0.307517444457	0.000274018300467	0.0485361100958	-0.117987388207	0.204749900228	3.93255563429e-16	0.0296303218287
182	-0.219983044868	0.296767265193	-0.00159010360615	0.0438829708543	-57.7455492778	77.901407113	-0.417402196614	11.5192798492	-0.213395884845	0.241482856271	0.000164370252107	0.0412970065731	-0.161842855313	0.236964516134	-2.44525192928e-15	0.0349717535757
241	-0.441004385567	0.31347046308	-0.0017639115792	0.0487309912366	-115.763651211	82.2859965584	-0.463026789541	12.7918851996	-0.274474048892	0.212669094304	-0.000566520458626	0.0448758372575	-0.139146496301	0.219037928429	-2.4629304377e-16	0.032288428396
246	-0.217095299696	0.239952069561	-0.00121718734287	0.0464971295705	-56.9875161702	62.9874182597	-0.319511677502	12.2054965122	-0.207908598728	0.23617669993	-0.000578864198484	0.0444656810673	-0.121268037429	0.214349591728	9.25257266141e-16	0.0312837097853
247	-2.87448804032	2.40711643695	-0.00253069363194	0.0840416512379	-754.553110583	631.868064699	-0.664307078385	22.0609334499	-0.454513025028	0.326393875998	-0.00116154101084	0.0475325820919	-0.147529394285	0.187846145075	1.61759939031e-15	0.0317673034769
179	-0.169466827672	0.22171886596	-0.00104947896832	0.0424351198311	-44.4850422638	58.2012023146	-0.275488229185	11.1392189557	-0.19277823889	0.264620771219	6.17826634258e-05	0.0407579928161	-0.147985384403	0.240562241769	1.19320410232e-15	0.0353435472008
269	-0.170055628883	0.371471086175	-0.00107560198363	0.0430779861205	-44.6396025817	97.511160121	-0.282345520704	11.3079713566	-0.191131873389	0.19948612985	-0.000407256364528	0.0403151665967	-0.154675143292	0.23309191495	-2.23891406018e-16	0.0358797992938
19	-0.276738670774	0.249830278506	-0.00231312596549	0.0441538811788	-72.6439010782	65.5804481079	-0.607195565942	11.5903938094	-0.211303330557	0.199227624906	-0.000587050824458	0.0417446162684	-0.152781404724	0.235386446334	-1.03309775448e-16	0.0350703658114
162	-0.205610186228	0.26024642245	-0.00159145039465	0.0425657410616	-53.9726738849	68.314685893	-0.417755728597	11.1735070287	-0.193361161081	0.231666894508	0.000480907562231	0.0411850285965	-0.163494380677	0.256354463274	1.20267813242e-15	0.0404666493892
232	-0.287995221406	8.75772214082	0.000279867425834	0.163262074374	-75.598745619	2298.90206196	0.0734651992814	42.856294523	-0.222480139418	0.228654705761	-0.000961351287485	0.044051010648	-0.135996127388	0.218690499485	-5.30196558787e-16	0.032598773735
275	-0.257198832461	0.507480537218	-0.00119317373735	0.0465652086979	-67.5146935209	133.21364102	-0.313208106055	12.2233672832	-0.253408790322	0.260777752865	0.000214484699032	0.0453645047331	-0.135999028448	0.205361149185	1.63253844405e-15	0.033094095737
261	-0.178056433354	0.408345404213	-0.00103868385444	0.0441406391219	-46.7398137554	107.190668606	-0.272654511791	11.5869177695	-0.193344219953	0.184743399732	-0.000581287551673	0.0410680570517	-0.164768544985	0.235150306005	-1.72428538e-15	0.0351194142535
193	-0.273715699476	0.281749254876	-0.00161091925387	0.043835137453	-71.8503711124	73.959179405	-0.42286630414	11.5067235814	-0.264911742571	0.281708090163	0.000351682940908	0.0422970247125	-0.143289958613	0.264286620065	-5.87219270097e-16	0.0374877705654
231	-0.312664278363	0.227032269226	-0.00197198716612	0.0443547053075	-82.0743730702	59.5959706717	-0.517646631107	11.6431101432	-0.232955011944	0.208316955928	0.000172922238105	0.041888992947	-0.142299530122	0.219324208156	5.36948987274e-16	0.0345210369447
122	-0.203584964559	0.282713368987	-0.00122328535978	0.0457461404407	-53.4410531967	74.2122593591	-0.321112406942	12.0083618657	-0.25402399145	0.308197115713	0.000544489997862	0.0454833121612	-0.148405061224	0.207411100106	-4.14738759821e-16	0.0312471228217
87	-0.256881746692	0.764008417327	-0.00121254658467	0.0480305014606	-67.4314585067	200.552209548	-0.318293478476	12.6080066334	-0.20136041196	0.228006575465	-0.00087284757568	0.0419467527306	-0.128834401506	0.260523954638	5.7339305783e-16	0.0339603006203
68	-0.236315830938	0.237618310127	-0.00200759645092	0.0457738788531	-62.0329056212	62.3748064083	-0.526994068367	12.0156431989	-0.220887501406	0.252890219855	-0.000741141336405	0.043990977824	-0.127789539699	0.22272063511	3.07985325192e-17	0.0320802769502
131	-0.45084527811	0.506982073796	-0.00139649831234	0.0498597351876	-118.346885504	133.082794371	-0.36658080699	13.0881804867	-0.313715416365	0.243342544786	-0.000788013554521	0.0456055359191	-0.134868994862	0.188491330526	8.79648618732e-16	0.0322614351006
137	-0.203530223152	0.265747342087	-0.00204912877666	0.0426947659645	-53.4266835775	69.7586772978	-0.537896303872	11.2073760657	-0.21829873566	0.205669438709	-9.51955034929e-05	0.0402358711167	-0.17151683091	0.23010836989	-3.54109728009e-16	0.0385203604843
15	-0.381991913461	0.394809501583	-0.000867368337631	0.0485081229679	-100.272877284	103.637494166	-0.227684188628	12.7333822791	-0.274366543791	0.481231285414	-0.000800144776725	0.0454571502055	-0.123347939625	0.196328582148	-3.56361198729e-16	0.0316573190526
240	-0.197322789742	0.258488121503	-0.00158486915987	0.0444159185084	-51.7972323074	67.8531318945	-0.416028154466	11.6591786085	-0.299026920639	0.2180819346	-9.6926661559e-05	0.0437498595516	-0.145960893457	0.270538802233	2.3498927218e-15	0.0361613188026
92	-0.245980907409	0.257994865072	-0.00116766308829	0.0464337136234	-64.5699881948	67.7236520814	-0.306511560675	12.1888498261	-0.202918221374	0.271956850732	0.000437337691703	0.0453643006948	-0.129054778014	0.236240552964	-6.8871199957e-16	0.0317401360272
45	-0.276268349447	0.494515545289	-0.00116432276666	0.0488105203025	-72.5204417299	129.810330638	-0.305634726249	12.8127615794	-0.230148096812	0.594083908167	0.000471434362103	0.0474965528762	-0.164674503235	0.243032364209	5.1113344546e-16	0.034200019295
73	-0.714718308381	0.376168802781	-0.00231123950951	0.0489088802942	-187.61355595	98.7443107299	-0.606700371247	12.8385810772	-0.217892134382	0.329102360819	0.000371602426879	0.0445441452201	-0.146541697711	0.180426766249	4.61303538409e-16	0.0322434123051
14	-0.222719993223	4.77462378159	-0.000117009399792	0.0979741640713	-58.463998221	1253.33874267	-0.0307149674455	25.7182180687	-0.264267184952	0.411931631702	4.89745639721e-05	0.0443427598989	-0.13716089798	0.206612005465	-1.09791630714e-15	0.0316711105336
66	-0.314030489247	0.325033338965	-0.00223991098953	0.0459201241644	-82.4330034272	85.3212514782	-0.587976634753	12.0540325931	-0.233583373122	0.227906906527	-0.000329632020232	0.0428908334418	-0.127145444835	0.244821662737	8.6718717462e-16	0.0336934776274
272	-0.179492255983	0.265212786127	-0.0016125821064	0.042358947847	-47.1167171955	69.6183563583	-0.42330280293	11.1192238098	-0.197634559895	0.167222177011	-0.000119885730486	0.0405519173592	-0.163222749056	0.227310812292	-9.46567882839e-16	0.0361099432576
55	-0.20639178798	0.281879437253	-0.00123441717317	0.0445773126025	-54.1778443447	73.993352279	-0.324034507956	11.7015445582	-0.244172771043	0.246705017161	0.00100974422121	0.0433745030757	-0.189713307333	0.293144042271	2.16490315922e-16	0.0448027839745
250	-0.436137216982	0.849235245744	-0.00214214231026	0.0527757826598	-114.486019458	222.924252008	-0.562312356443	13.8536429482	-0.200983155318	0.333245931545	-0.00016862524403	0.0454210539122	-0.118001610062	0.208487727829	-1.08507796484e-15	0.0306837402731
130	-0.408381487597	0.20505813375	-0.00158927265673	0.0457782918505	-107.200140494	53.8277601094	-0.417184072391	12.0168016108	-0.211783709734	0.211137786194	0.000504538907975	0.0425196815276	-0.171922126734	0.227785175401	8.78029940223e-16	0.0350790929016
194	-0.186313308621	0.271836126498	-0.00133979949716	0.0428843243387	-48.9072435131	71.3569832056	-0.351697368005	11.2571351389	-0.217626987977	0.216662469149	0.000145827491593	0.041654371662	-0.147390280475	0.211653492013	9.30581448885e-17	0.0358099279339
110	-0.224715689275	0.28491591714	-0.00164345591103	0.0442333646911	-58.9878684347	74.7904282491	-0.431407176644	11.6112582314	-0.248945784429	0.252351076364	0.00083089259773	0.043000776106	-0.190934902415	0.289497624243	1.74031743847e-15	0.044388145814
59	-12.0859083243	1.15359140499	-0.00502069126188	0.221501254352	-3172.55093513	302.817743811	-1.31793145624	58.1440792673	-0.324827985902	0.27066117964	-8.53302146827e-05	0.0444684898232	-0.148184601561	0.248170441774	-1.83017789984e-16	0.0329636505982
58	-0.215967213843	0.334616269499	-0.00187816071698	0.0437351715598	-56.6913936338	87.8367707435	-0.493017188208	11.4804825344	-0.214258713702	0.19048388809	-0.000558992534001	0.0407610503204	-0.147846743345	0.251776478701	1.12797294534e-15	0.0364442553034
158	-0.255583486463	0.268375044401	-0.00189653356871	0.0427663064101	-67.0906651965	70.4484491552	-0.497840061787	11.2261554326	-0.197169679917	0.215926142362	-0.000887604017161	0.0402847805034	-0.150707741827	0.242973123295	-6.79003895864e-16	0.0367089531795
65	-0.269039080706	0.31000148672	-0.00165540949333	0.0454777093593	-70.6227586853	81.3753902639	-0.434544991998	11.9378987068	-0.347002955134	0.25384592182	0.000218518504414	0.0439978954663	-0.164955715612	0.231604161015	1.13022639973e-15	0.0347467899423
115	-3.54721782007	0.286371364874	-0.00304414750235	0.0766471949262	-931.14467777	75.1724832793	-0.799088719367	20.1198886681	-0.206306690562	0.1976750022	-0.000182803934641	0.0411530375902	-0.147977628316	0.252963569885	1.36920761877e-15	0.0377695912078
60	-0.240655259844	0.257977926109	-0.00130938025075	0.044859547328	-63.172005709	67.7192056035	-0.343712315821	11.7756311736	-0.310141383805	0.228754739217	-0.000229917489008	0.0436176257763	-0.145008264782	0.218906931295	2.30217344457e-16	0.0324033412196
266	-0.464280984121	5441.05206234	1.96852792561	97.6625243763	-121.873758332	1428276.16637	516.738580473	25636.4126488	-0.261738737718	0.25925632397	-0.000869009433637	0.0452482048344	-0.141093988773	0.206797856127	-7.86060832713e-16	0.0316102810546
153	-0.277265640187	0.487096963824	-0.00149304343666	0.0432075291643	-72.7822305492	127.862953004	-0.391923902124	11.3419764056	-0.221345565048	0.196325069195	-8.07643515431e-06	0.0400534715528	-0.161155590356	0.239747015548	5.21619149627e-16	0.0367559455999
176	-0.193156078533	0.273280524783	-0.00177307193997	0.0423934299997	-50.703470615	71.7361377554	-0.465431384241	11.1282753749	-0.220368078198	0.212197194035	-0.000207538125746	0.040704900568	-0.209060860877	0.270796758048	-6.53303407179e-16	0.0413945214702
111	-0.200031861415	0.259675773211	-0.00131017944884	0.0452834405438	-52.5083636215	68.1648904678	-0.34392210532	11.8869031427	-0.23299844799	0.246117320041	-6.15728469425e-05	0.0447218619707	-0.122742004633	0.207084414036	2.08511976505e-15	0.032288892299
32	-0.198318100443	0.247351224212	-0.00258013429741	0.0451917636595	-52.0585013663	64.9296963556	-0.677285253071	11.8628379606	-0.254148959405	0.190170988674	-0.00038455307145	0.0431670781163	-0.140847987205	0.190679141492	8.81420040189e-16	0.0330320330051
206	-0.778793581758	0.311010931709	-0.00214490888664	0.0481261469857	-204.433315211	81.6403695736	-0.563038582744	12.6331135838	-0.35037227133	0.387564787625	7.15365115381e-05	0.0420926777957	-0.142756708812	0.224190416232	1.84860623728e-16	0.0354350421338
168	-0.190920675336	0.264877877277	-0.00188423143702	0.0415701831433	-50.1166772758	69.5304427851	-0.494610752217	10.9121730751	-0.221206043169	0.224640767611	0.000276148255076	0.0406244433471	-0.170863418768	0.267089597188	-3.01899411385e-16	0.0398812613124
7	-0.199900523336	0.26929569712	-0.00208623262626	0.0417645554801	-52.4738873757	70.6901204941	-0.547636064394	10.9631958135	-0.229425950571	0.224881901635	0.00029018751054	0.0403049157534	-0.186397939718	0.275430259451	3.7321866422e-15	0.0410868201357
157	-0.198812125634	0.277556527466	-0.0011477517286	0.0451432466448	-52.1881829789	72.8585884599	-0.301284828757	11.8501022442	-0.263259017227	0.243235853853	0.00124762016434	0.0439971267462	-0.180178727787	0.292272289724	5.62036917229e-15	0.0452030698215
